{
    "epoch": [
        10,
        20,
        30,
        40,
        50,
        60,
        70,
        80,
        90,
        100,
        110,
        120,
        130,
        140,
        150,
        160,
        170,
        180,
        190,
        200,
        210
    ],
    "loss": [
        0.27944161990001454,
        0.22395182490961718,
        0.190658706932264,
        0.17032116969477548,
        0.15628473439605806,
        0.14651090393182858,
        0.1382446487297742,
        0.1314566800021267,
        0.12518066418737864,
        0.120791884498302,
        0.11643790204681284,
        0.11407666320129654,
        0.11024757909437685,
        0.10766268910356536,
        0.10517511421043646,
        0.1033170206955895,
        0.10157129488368268,
        0.10015820861245796,
        0.09812666029504148,
        0.09685462939248907,
        0.09594192392262212
    ],
    "recall": [
        0.16179834966785303,
        0.19415733076209057,
        0.21784734748189685,
        0.22778129567277047,
        0.2372520200066653,
        0.24284776648917591,
        0.24649488215019574,
        0.24960986764080567,
        0.249587270970225,
        0.2508326665127116,
        0.2519462139742727,
        0.252943801028376,
        0.25240614071822537,
        0.25183473416814106,
        0.2507435613392251,
        0.2506849188999946,
        0.2508906360871133,
        0.24931277789258905,
        0.2494236806666656,
        0.24912967336720543,
        0.24874484865691227
    ],
    "precision": [
        0.10233311192294918,
        0.118963799402192,
        0.12989870474925275,
        0.13467286615742277,
        0.13895715709066755,
        0.14158087014280973,
        0.14316672201926267,
        0.1446861507804716,
        0.14583194951843237,
        0.14707738292925937,
        0.14714380604450347,
        0.14721022915974757,
        0.14770009963467284,
        0.14799070076386586,
        0.1473430753902358,
        0.1479408834274328,
        0.14808203254732646,
        0.14723513782796407,
        0.1471853204915311,
        0.1470358684822318,
        0.146811690468283
    ],
    "ndcg": [
        0.16427105324398958,
        0.19336482965530147,
        0.21237036972445292,
        0.22208451751366928,
        0.2291814384038323,
        0.23330360511710055,
        0.2346031383558882,
        0.23590458267032413,
        0.23538895067644298,
        0.23591678850095055,
        0.2360912184361308,
        0.23606378849777222,
        0.23590450775749066,
        0.23597008512691934,
        0.23577355886807348,
        0.23515801145243157,
        0.23508576589191272,
        0.23429918892380314,
        0.23386855923003933,
        0.23217613953637734,
        0.23135157308236732
    ]
}